{"timeRemaining":600,"chipsRemaining":3,"level":0,"tiles":[{"name":"TileExit","x":-4,"y":-3},{"name":"TileWall","x":-2,"y":-1},{"name":"TileWall","x":-2,"y":0},{"name":"TileExit","x":-2,"y":2}],"inventory":{"name":"Inventory","items":[]},"interactables":[{"name":"InteractableChip","x":1,"y":-2},{"name":"InteractableChip","x":-2,"y":-3},{"name":"InteractableChip","x":3,"y":-4},{"name":"InteractableItem","x":0,"y":2,"item":"ItemYellowKey"},{"name":"InteractableItem","x":1,"y":2,"item":"ItemYellowKey"},{"name":"InteractableExitLock","x":0,"y":-2},{"name":"InteractableYellowKeyLock","x":2,"y":0}],"actors":[{"name":"ActorPlayer","x":0,"y":0}]}