{"timeRemaining":500,"chipsRemaining":11,"level":0,"tiles":[{"name":"TileWall","x":-7,"y":-3},{"name":"TileWall","x":-7,"y":-2},{"name":"TileWall","x":-7,"y":-1},{"name":"TileWall","x":-7,"y":0},{"name":"TileWall","x":-7,"y":1},{"name":"TileWall","x":-7,"y":2},{"name":"TileWall","x":-7,"y":3},{"name":"TileWall","x":-6,"y":-3},{"name":"TileWall","x":-6,"y":0},{"name":"TileWall","x":-6,"y":3},{"name":"TileWall","x":-5,"y":-3},{"name":"TileWall","x":-5,"y":0},{"name":"TileWall","x":-5,"y":3},{"name":"TileWall","x":-5,"y":4},{"name":"TileWall","x":-5,"y":5},{"name":"TileWall","x":-5,"y":6},{"name":"TileWall","x":-4,"y":-3},{"name":"TileWall","x":-4,"y":0},{"name":"TileWall","x":-4,"y":3},{"name":"TileWall","x":-4,"y":6},{"name":"TileWall","x":-3,"y":-7},{"name":"TileWall","x":-3,"y":-6},{"name":"TileWall","x":-3,"y":-5},{"name":"TileWall","x":-3,"y":-4},{"name":"TileWall","x":-3,"y":-3},{"name":"TileWall","x":-3,"y":-1},{"name":"TileWall","x":-3,"y":0},{"name":"TileWall","x":-3,"y":1},{"name":"TileWall","x":-3,"y":3},{"name":"TileWall","x":-3,"y":6},{"name":"TileWall","x":-2,"y":-7},{"name":"TileWall","x":-2,"y":-3},{"name":"TileWall","x":-2,"y":6},{"name":"TileWall","x":-1,"y":-7},{"name":"TileWall","x":-1,"y":3},{"name":"TileWall","x":-1,"y":4},{"name":"TileWall","x":-1,"y":5},{"name":"TileWall","x":-1,"y":6},{"name":"TileWall","x":0,"y":-7},{"name":"TileWall","x":0,"y":-6},{"name":"TileWall","x":0,"y":-5},{"name":"TileWall","x":0,"y":-4},{"name":"TileWall","x":0,"y":-3},{"name":"TileMessage","x":0,"y":1,"message":"Welcome to chap's challenge. Your goal is to collect all the chips so you can get through the gate in front of you. Get through the locked doors by collecting keys!"},{"name":"TileExit","x":0,"y":4},{"name":"TileWall","x":0,"y":5},{"name":"TileWall","x":1,"y":-7},{"name":"TileWall","x":1,"y":3},{"name":"TileWall","x":1,"y":4},{"name":"TileWall","x":1,"y":5},{"name":"TileWall","x":1,"y":6},{"name":"TileWall","x":2,"y":-7},{"name":"TileWall","x":2,"y":-3},{"name":"TileWall","x":2,"y":6},{"name":"TileWall","x":3,"y":-7},{"name":"TileWall","x":3,"y":-6},{"name":"TileWall","x":3,"y":-5},{"name":"TileWall","x":3,"y":-4},{"name":"TileWall","x":3,"y":-3},{"name":"TileWall","x":3,"y":-1},{"name":"TileWall","x":3,"y":0},{"name":"TileWall","x":3,"y":1},{"name":"TileWall","x":3,"y":3},{"name":"TileWall","x":3,"y":6},{"name":"TileWall","x":4,"y":-3},{"name":"TileWall","x":4,"y":0},{"name":"TileWall","x":4,"y":3},{"name":"TileWall","x":4,"y":6},{"name":"TileWall","x":5,"y":-3},{"name":"TileWall","x":5,"y":0},{"name":"TileWall","x":5,"y":3},{"name":"TileWall","x":5,"y":4},{"name":"TileWall","x":5,"y":5},{"name":"TileWall","x":5,"y":6},{"name":"TileWall","x":6,"y":-3},{"name":"TileWall","x":6,"y":0},{"name":"TileWall","x":6,"y":3},{"name":"TileWall","x":7,"y":-3},{"name":"TileWall","x":7,"y":-2},{"name":"TileWall","x":7,"y":-1},{"name":"TileWall","x":7,"y":0},{"name":"TileWall","x":7,"y":1},{"name":"TileWall","x":7,"y":2},{"name":"TileWall","x":7,"y":3}],"inventory":{"name":"Inventory","items":[]},"interactables":[{"name":"InteractableChip","x":0,"y":-2},{"name":"InteractableChip","x":2,"y":0},{"name":"InteractableChip","x":-2,"y":0},{"name":"InteractableItem","x":2,"y":-1,"item":"ItemRedKey"},{"name":"InteractableItem","x":2,"y":1,"item":"ItemRedKey"},{"name":"InteractableItem","x":-2,"y":-1,"item":"ItemTealKey"},{"name":"InteractableItem","x":-2,"y":1,"item":"ItemTealKey"},{"name":"InteractableTealKeyLock","x":3,"y":-2},{"name":"InteractableYellowKeyLock","x":1,"y":-3},{"name":"InteractableExitLock","x":0,"y":3},{"name":"InteractableYellowKeyLock","x":-1,"y":-3},{"name":"InteractableGreenKeyLock","x":2,"y":3},{"name":"InteractableGreenKeyLock","x":-2,"y":3},{"name":"InteractableRedKeyLock","x":3,"y":2},{"name":"InteractableTealKeyLock","x":-3,"y":2},{"name":"InteractableRedKeyLock","x":-3,"y":-2},{"name":"InteractableChip","x":5,"y":-1},{"name":"InteractableChip","x":5,"y":1},{"name":"InteractableItem","x":5,"y":2,"item":"ItemYellowKey"},{"name":"InteractableChip","x":3,"y":4},{"name":"InteractableChip","x":1,"y":-5},{"name":"InteractableChip","x":-1,"y":-5},{"name":"InteractableItem","x":1,"y":-6,"item":"ItemGreenKey"},{"name":"InteractableChip","x":-5,"y":-1},{"name":"InteractableChip","x":-5,"y":1},{"name":"InteractableItem","x":-5,"y":2,"item":"ItemYellowKey"},{"name":"InteractableChip","x":-3,"y":4}],"actors":[{"name":"ActorPlayer","x":0,"y":0}]}