{"timeRemaining":500,"chipsRemaining":4,"level":0,"tiles":[{"name":"TileWall","x":-14,"y":-1},{"name":"TileWall","x":-14,"y":0},{"name":"TileWall","x":-14,"y":1},{"name":"TileWall","x":-13,"y":-1},{"name":"TileExit","x":-13,"y":0},{"name":"TileWall","x":-13,"y":1},{"name":"TileWall","x":-12,"y":-5},{"name":"TileWall","x":-12,"y":-4},{"name":"TileWall","x":-12,"y":-3},{"name":"TileWall","x":-12,"y":-2},{"name":"TileWall","x":-12,"y":-1},{"name":"TileWall","x":-12,"y":1},{"name":"TileWall","x":-12,"y":2},{"name":"TileWall","x":-12,"y":3},{"name":"TileWall","x":-12,"y":4},{"name":"TileWall","x":-12,"y":5},{"name":"TileWall","x":-11,"y":-5},{"name":"TileWall","x":-11,"y":5},{"name":"TileWall","x":-10,"y":-5},{"name":"TileWall","x":-10,"y":5},{"name":"TileWall","x":-9,"y":-5},{"name":"TileWall","x":-9,"y":-2},{"name":"TileWall","x":-9,"y":-1},{"name":"TileWall","x":-9,"y":0},{"name":"TileWall","x":-9,"y":1},{"name":"TileWall","x":-9,"y":2},{"name":"TileWall","x":-9,"y":5},{"name":"TileWall","x":-8,"y":-5},{"name":"TileWall","x":-8,"y":0},{"name":"TileWall","x":-8,"y":5},{"name":"TileWall","x":-7,"y":-5},{"name":"TileWall","x":-7,"y":5},{"name":"TileWall","x":-6,"y":-5},{"name":"TileWall","x":-6,"y":-4},{"name":"TileWall","x":-6,"y":-3},{"name":"TileWall","x":-6,"y":-2},{"name":"TileWall","x":-6,"y":2},{"name":"TileWall","x":-6,"y":3},{"name":"TileWall","x":-6,"y":4},{"name":"TileWall","x":-6,"y":5},{"name":"TileWall","x":-5,"y":-2},{"name":"TileWater","x":-5,"y":-1},{"name":"TileWater","x":-5,"y":0},{"name":"TileWater","x":-5,"y":1},{"name":"TileWall","x":-5,"y":2},{"name":"TileWall","x":-4,"y":-2},{"name":"TileWater","x":-4,"y":-1},{"name":"TileWater","x":-4,"y":0},{"name":"TileWater","x":-4,"y":1},{"name":"TileWall","x":-4,"y":2},{"name":"TileWall","x":-3,"y":-2},{"name":"TileWall","x":-3,"y":2},{"name":"TileWall","x":-2,"y":-2},{"name":"TileWall","x":-2,"y":2},{"name":"TileWall","x":-1,"y":-2},{"name":"TileWall","x":-1,"y":2},{"name":"TileWall","x":0,"y":-2},{"name":"TileWall","x":0,"y":2},{"name":"TileWall","x":1,"y":-2},{"name":"TileWall","x":1,"y":2},{"name":"TileWall","x":2,"y":-2},{"name":"TileWall","x":2,"y":2},{"name":"TileWall","x":3,"y":-2},{"name":"TileWall","x":3,"y":-1},{"name":"TileWall","x":3,"y":0},{"name":"TileWall","x":3,"y":1},{"name":"TileWall","x":3,"y":2}],"inventory":{"name":"Inventory","items":[]},"interactables":[{"name":"InteractableDirt","x":-1,"y":0},{"name":"InteractableDirt","x":-2,"y":0},{"name":"InteractableChip","x":2,"y":-1},{"name":"InteractableChip","x":2,"y":1},{"name":"InteractableChip","x":-9,"y":4},{"name":"InteractableExitLock","x":-12,"y":0},{"name":"InteractableChip","x":-9,"y":-4}],"actors":[{"name":"ActorPlayer","x":0,"y":0},{"name":"ActorMonster","x":-9,"y":-3,"horiz":true,"forward":true,"ticks":4},{"name":"ActorMonster","x":-9,"y":3,"horiz":true,"forward":true,"ticks":4}]}